title,organization,sector,position_type,location,posted_date,deadline,salary,employment_type,source_page,posting_link,source,first_seen
Assistant Professor in Industrial and Systems Engineering – Quantum Optimization,Columbia University,Academia,Assistant Professor,University of Missouri,02/10/2026,,,Full Time,https://careercenter.informs.org/job/assistant-professor-in-industrial-and-systems-engineering-quantum-optimization-columbia-missouri-5550,https://careercenter.informs.org/job/assistant-professor-in-industrial-and-systems-engineering-quantum-optimization-columbia-missouri-5550,INFORMS Career Center,04/10/2026
"Open-rank faculty positions in Fintech, Financial Engineering, Operations Research, and AI",Hong Kong University of Science and Technology,Academia,Open Rank Faculty,The Hong Kong University of Science and Technology (Guangzhou),02/10/2026,,"$110,000 - $130,000 Per Year",Full Time,https://careercenter.informs.org/job/open-rank-faculty-positions-in-fintech-financial-engineering-operations-research-and-ai-guangzhou-guangdong-5068,https://careercenter.informs.org/job/open-rank-faculty-positions-in-fintech-financial-engineering-operations-research-and-ai-guangzhou-guangdong-5068,INFORMS Career Center,04/10/2026
Operations Management/ Business Analytics Professor (open rank) at NovaSBE,"Nova School of Business and Economics Carcavelos, Lisbon, Portugal",Academia,Open Rank Faculty,Nova School of Business and Economics,02/10/2026,,,,https://careercenter.informs.org/job/operations-management-business-analytics-professor-open-rank-at-novasbe-carcavelos-lisbon-5544,https://careercenter.informs.org/job/operations-management-business-analytics-professor-open-rank-at-novasbe-carcavelos-lisbon-5544,INFORMS Career Center,04/10/2026
"Assistant Professor, Marketing & Business Analytics - Business Analytics","San José State University San Jose, California",Academia,Assistant Professor,San José State University,02/10/2026,,"$135,000 - $141,246 Per Year",Full Time,https://careercenter.informs.org/job/assistant-professor-marketing-business-analytics-business-analytics-san-jose-california-5541,https://careercenter.informs.org/job/assistant-professor-marketing-business-analytics-business-analytics-san-jose-california-5541,INFORMS Career Center,04/10/2026
Assistant Professor of Teaching in Operations and Supply Chain Management (OSCM),"University of California Riverside Riverside, California",Academia,Assistant Professor,University of California Riverside,02/10/2026,,,,https://careercenter.informs.org/job/assistant-professor-of-teaching-in-operations-and-supply-chain-management-oscm-riverside-california-5552,https://careercenter.informs.org/job/assistant-professor-of-teaching-in-operations-and-supply-chain-management-oscm-riverside-california-5552,INFORMS Career Center,04/10/2026
Assistant Professor in Supply Change Management - School of Management (Hybrid),University of Michigan,Academia,Assistant Professor,University of Michigan-Flint,02/10/2026,,,Full Time,https://careercenter.informs.org/job/assistant-professor-in-supply-change-management-school-of-management-hybrid-flint-michigan-5543,https://careercenter.informs.org/job/assistant-professor-in-supply-change-management-school-of-management-hybrid-flint-michigan-5543,INFORMS Career Center,04/10/2026
Assistant Professor - Operations Research,Virginia Tech,Academia,Assistant Professor,Virginia Tech,02/10/2026,,,Full Time,https://careercenter.informs.org/job/assistant-professor-operations-research-blacksburg-virginia-5549,https://careercenter.informs.org/job/assistant-professor-operations-research-blacksburg-virginia-5549,INFORMS Career Center,04/10/2026
Assistant Professor of Information Systems,Columbia University,Academia,Assistant Professor,George Washington University,01/10/2026,,"$190,000 - $205,000 Per Year",Full Time,https://careercenter.informs.org/job/assistant-professor-of-information-systems-washington-district-of-columbia-5554,https://careercenter.informs.org/job/assistant-professor-of-information-systems-washington-district-of-columbia-5554,INFORMS Career Center,04/10/2026
"Open Rank Faculty Positions in AI/Business Statistics/Operations Management, City University of Hong Kong","Department of Decision Analytics and Operations, City University of Hong Kong Kowloon, Hong Kong",Academia,Open Rank Faculty,"Department of Decision Analytics and Operations, City University of Hong Kong",01/10/2026,,,Full Time,https://careercenter.informs.org/job/open-rank-faculty-positions-in-ai-business-statistics-operations-management-city-university-of-hong-kong-kowloon-5555,https://careercenter.informs.org/job/open-rank-faculty-positions-in-ai-business-statistics-operations-management-city-university-of-hong-kong-kowloon-5555,INFORMS Career Center,04/10/2026
Assistant Professor of Mathematics (Data Science and Artificial Intelligence),"Rose-Hulman Institute of Technology Terre Haute, Indiana",Academia,Assistant Professor,Rose-Hulman Institute of Technology,01/10/2026,,,,https://careercenter.informs.org/job/assistant-professor-of-mathematics-data-science-and-artificial-intelligence-terre-haute-indiana-5542,https://careercenter.informs.org/job/assistant-professor-of-mathematics-data-science-and-artificial-intelligence-terre-haute-indiana-5542,INFORMS Career Center,04/10/2026
"Tenure-Track Faculty Position, Cornell University, Cornell Tech campus",Cornell University,Academia,Tenure-Track Faculty,"Cornell University, ORIE",30/09/2026,,"$79,400 - $329,600 Per Year",Full Time,https://careercenter.informs.org/job/tenure-track-faculty-position-cornell-university-cornell-tech-campus-new-york-new-york-5551,https://careercenter.informs.org/job/tenure-track-faculty-position-cornell-university-cornell-tech-campus-new-york-new-york-5551,INFORMS Career Center,04/10/2026
"Lecturer or Professor of Practice - Harbert College of Business, Auburn University","Auburn University Auburn, Alabama",Academia,Lecturer,Auburn University,25/09/2026,,,,https://careercenter.informs.org/job/lecturer-or-professor-of-practice-harbert-college-of-business-auburn-university-auburn-alabama-5539,https://careercenter.informs.org/job/lecturer-or-professor-of-practice-harbert-college-of-business-auburn-university-auburn-alabama-5539,INFORMS Career Center,26/09/2026
FACULTY POSITION FOR THE OPERATIONS AND DATA SCIENCE RESEARCH GROUP,"Católica-Lisbon SBE Lisboa, Lisbon, Portugal",Academia,Academic,Católica-Lisbon SBE,25/09/2026,,,,https://careercenter.informs.org/job/faculty-position-for-the-operations-and-data-science-research-group-lisboa-lisbon-5535,https://careercenter.informs.org/job/faculty-position-for-the-operations-and-data-science-research-group-lisboa-lisbon-5535,INFORMS Career Center,26/09/2026
Assistant Professor of Computer Science,University of Chicago,Academia,Assistant Professor,University of Chicago,25/09/2026,,"$135,000 - $170,000 Per Year",Full Time,https://careercenter.informs.org/job/assistant-professor-of-computer-science-chicago-illinois-5521,https://careercenter.informs.org/job/assistant-professor-of-computer-science-chicago-illinois-5521,INFORMS Career Center,26/09/2026
Tenure-Track Assistant Professor in Information Systems,University of Minnesota,Academia,Assistant Professor,University of Minnesota - Carlson School of Management,25/09/2026,,,,https://careercenter.informs.org/job/tenure-track-assistant-professor-in-information-systems-minneapolis-minnesota-5518,https://careercenter.informs.org/job/tenure-track-assistant-professor-in-information-systems-minneapolis-minnesota-5518,INFORMS Career Center,26/09/2026
Assistant/Associate/Full Professor,"Ahmedabad University AHMEDABAD, Gujarat, India",Academia,Full Professor,Ahmedabad University,23/09/2026,,,Full Time,https://careercenter.informs.org/job/assistant-associate-full-professor-ahmedabad-gujarat-5531,https://careercenter.informs.org/job/assistant-associate-full-professor-ahmedabad-gujarat-5531,INFORMS Career Center,26/09/2026
Assistant Professor - Information Systems,"California State University, Northridge Los Angeles, California",Academia,Assistant Professor,"California State University, Northridge",23/09/2026,,"$140,000 - $158,000 Per Year",Full Time,https://careercenter.informs.org/job/assistant-professor-information-systems-los-angeles-california-5520,https://careercenter.informs.org/job/assistant-professor-information-systems-los-angeles-california-5520,INFORMS Career Center,26/09/2026
Assistant Professor Position in Operations and Analytics,Columbia University,Academia,Assistant Professor,Georgetown University,23/09/2026,,,,https://careercenter.informs.org/job/assistant-professor-position-in-operations-and-analytics-washington-dc-district-of-columbia-5532,https://careercenter.informs.org/job/assistant-professor-position-in-operations-and-analytics-washington-dc-district-of-columbia-5532,INFORMS Career Center,26/09/2026
"Open-Rank Tenure-Track Faculty Position, Cornell University - Ithaca Campus",Cornell University,Academia,Open Rank Faculty,"Cornell University, ORIE",23/09/2026,,"$79,400 - $329,600 Per Year",Full Time,https://careercenter.informs.org/job/open-rank-tenure-track-faculty-position-cornell-university-ithaca-campus-ithaca-new-york-5537,https://careercenter.informs.org/job/open-rank-tenure-track-faculty-position-cornell-university-ithaca-campus-ithaca-new-york-5537,INFORMS Career Center,26/09/2026
Assistant Professor in Management Information Systems,Purdue University,Academia,Assistant Professor,"Purdue University, Krannert School of Management",23/09/2026,,,,https://careercenter.informs.org/job/assistant-professor-in-management-information-systems-west-lafayette-indiana-5553,https://careercenter.informs.org/job/assistant-professor-in-management-information-systems-west-lafayette-indiana-5553,INFORMS Career Center,04/10/2026
Clinical Assistant Professor in Quantitative Methods,Purdue University,Academia,Assistant Professor,"Purdue University, Krannert School of Management",23/09/2026,,,,https://careercenter.informs.org/job/clinical-assistant-professor-in-quantitative-methods-west-lafayette-indiana-5548,https://careercenter.informs.org/job/clinical-assistant-professor-in-quantitative-methods-west-lafayette-indiana-5548,INFORMS Career Center,04/10/2026
Assistant or Associate Professor (Open Rank),"University of Arkansas Fayetteville, Arkansas",Academia,Open Rank Faculty,University of Arkansas,22/09/2026,,,Full Time,https://careercenter.informs.org/job/assistant-or-associate-professor-open-rank-fayetteville-arkansas-5538,https://careercenter.informs.org/job/assistant-or-associate-professor-open-rank-fayetteville-arkansas-5538,INFORMS Career Center,26/09/2026
Assistant Professor (Two Open Positions),"University of Arkansas Fayetteville, Arkansas",Academia,Assistant Professor,University of Arkansas,22/09/2026,,,Full Time,https://careercenter.informs.org/job/assistant-professor-two-open-positions-fayetteville-arkansas-5546,https://careercenter.informs.org/job/assistant-professor-two-open-positions-fayetteville-arkansas-5546,INFORMS Career Center,04/10/2026
CEIBS Invites Applications for Tenure-Track Faculty Positions in Management Information Systems and Operations Management,"China Europe International Business School Shanghai, Shanghai, China",Academia,Tenure-Track Faculty,China Europe International Business School,21/09/2026,,,,https://careercenter.informs.org/job/ceibs-invites-applications-for-tenure-track-faculty-positions-in-management-information-systems-and-operations-management-shanghai-shanghai-5530,https://careercenter.informs.org/job/ceibs-invites-applications-for-tenure-track-faculty-positions-in-management-information-systems-and-operations-management-shanghai-shanghai-5530,INFORMS Career Center,26/09/2026
Assistant/ Associate/ Full Professor,"University of Science and Technology of China Hefei, Anhui, China",Academia,Open Rank Faculty,University of Science and Technology of China,20/09/2026,,,Full Time,https://careercenter.informs.org/job/assistant-associate-full-professor-hefei-anhui-5513,https://careercenter.informs.org/job/assistant-associate-full-professor-hefei-anhui-5513,INFORMS Career Center,26/09/2026
"Tenure-Track Assistant Professors - Harbert College of Business, Auburn University","Auburn University auburn, Alabama",Academia,Assistant Professor,Auburn University,18/09/2026,,,Full Time,https://careercenter.informs.org/job/tenure-track-assistant-professors-harbert-college-of-business-auburn-university-auburn-alabama-5534,https://careercenter.informs.org/job/tenure-track-assistant-professors-harbert-college-of-business-auburn-university-auburn-alabama-5534,INFORMS Career Center,26/09/2026
Open-Rank Positions in OM at the UCL School of Management,"University College London London, England, United Kingdom",Academia,Open Rank Faculty,University College London,17/09/2026,,,,https://careercenter.informs.org/job/open-rank-positions-in-om-at-the-ucl-school-of-management-london-england-5519,https://careercenter.informs.org/job/open-rank-positions-in-om-at-the-ucl-school-of-management-london-england-5519,INFORMS Career Center,26/09/2026
Research Associate or Full Professor (open rank),"University of Arkansas Fayetteville, Arkansas",Academia,Open Rank Faculty,University of Arkansas,17/09/2026,,,Full Time,https://careercenter.informs.org/job/research-associate-or-full-professor-open-rank-fayetteville-arkansas-5545,https://careercenter.informs.org/job/research-associate-or-full-professor-open-rank-fayetteville-arkansas-5545,INFORMS Career Center,04/10/2026
"Faculty Positions in Management Science, School of Management, Fudan University","School of Management, Fudan University Shanghai, Shanghai, China",Academia,Academic,"School of Management, Fudan University",16/09/2026,,,,https://careercenter.informs.org/job/faculty-positions-in-management-science-school-of-management-fudan-university-shanghai-shanghai-5514,https://careercenter.informs.org/job/faculty-positions-in-management-science-school-of-management-fudan-university-shanghai-shanghai-5514,INFORMS Career Center,26/09/2026
Tenure-Track Position in Technology and Operations Management - 2027,Harvard University,Academia,Tenure-Track Faculty,Harvard Business School,15/09/2026,,,,https://careercenter.informs.org/job/tenure-track-position-in-technology-and-operations-management-2027-boston-massachusetts-5510,https://careercenter.informs.org/job/tenure-track-position-in-technology-and-operations-management-2027-boston-massachusetts-5510,INFORMS Career Center,15/09/2026
Tenure-track Assistant/Associate/Full Professor Recruitment,"Institute of Supply Chain Analytics, Dongbei University of Finance and Economics Dalian, Liaoning, China",Academia,Full Professor,"Institute of Supply Chain Analytics, Dongbei University of Finance and Economics",09/09/2026,,,Full Time,https://careercenter.informs.org/job/tenure-track-assistant-associate-full-professor-recruitment-dalian-liaoning-5511,https://careercenter.informs.org/job/tenure-track-assistant-associate-full-professor-recruitment-dalian-liaoning-5511,INFORMS Career Center,15/09/2026
Assistant/Associate Professor of Management - OBSE,"Stony Brook University Stony Brook, New York",Academia,Associate Professor,Stony Brook University,09/09/2026,,,,https://careercenter.informs.org/job/assistant-associate-professor-of-management-obse-stony-brook-new-york-5524,https://careercenter.informs.org/job/assistant-associate-professor-of-management-obse-stony-brook-new-york-5524,INFORMS Career Center,26/09/2026
Assistant/Associate Professor of Operations Management,University of Chicago,Academia,Associate Professor,The University of Chicago Booth School of Business,07/09/2026,,,,https://careercenter.informs.org/job/assistant-associate-professor-of-operations-management-chicago-illinois-5464,https://careercenter.informs.org/job/assistant-associate-professor-of-operations-management-chicago-illinois-5464,INFORMS Career Center,29/08/2026
Associate or Full Professor Technology & Operations-Cognitive Manufacturing,"University of Michigan, Ross School of Business",Academia,Full Professor,"University of Michigan, Ross School of Business",07/09/2026,,,,https://careercenter.informs.org/job/associate-or-full-professor-technology-operations-cognitive-manufacturing-ann-arbor-michigan-5430,https://careercenter.informs.org/job/associate-or-full-professor-technology-operations-cognitive-manufacturing-ann-arbor-michigan-5430,INFORMS Career Center,13/08/2026
Machine Learning Scientist,"ExxonMobil Spring, Texas",Industry,Industry / Non-Academic,ExxonMobil,04/09/2026,,,,https://careercenter.informs.org/job/machine-learning-scientist-spring-texas-5547,https://careercenter.informs.org/job/machine-learning-scientist-spring-texas-5547,INFORMS Career Center,04/10/2026
"Assistant Professor Position in Operations Management at the Fuqua School of Business, Duke University",Duke University,Academia,Assistant Professor,,03/09/2026,,,,https://connect.informs.org/discussion/assistant-professor-position-in-operations-management-at-the-fuqua-school-of-business-duke-university,https://academicjobsonline.org/ajo/jobs/32106,INFORMS Connect - Available Positions,07/09/2026
"Tenure-Track Faculty Position in Decisions, Operations, and Technology Management (Assistant Professor), UCLA Anderson School of Management","University of California, Los Angeles",Academia,Assistant Professor,,03/09/2026,,,,https://connect.informs.org/discussion/tenure-track-faculty-position-in-decisions-operations-and-technology-management-assistant-professor-ucla-anderson-school-of-management-1,https://connect.informs.org/discussion/tenure-track-faculty-position-in-decisions-operations-and-technology-management-assistant-professor-ucla-anderson-school-of-management-1,INFORMS Connect - Available Positions,07/09/2026
"Tenure-track Faculty Position in the Operations, Information and Technology Department at IESE Business School",,Academia,Tenure-Track Faculty,,02/09/2026,,,,https://connect.informs.org/discussion/tenure-track-faculty-position-in-the-operations-information-and-technology-department-at-iese-business-school,https://apply.interfolio.com/192580,INFORMS Connect - Available Positions,03/09/2026
"Faculty Position in Operations, Information & Technology at Stanford GSB",Stanford University,Academia,Other,,02/09/2026,,,,https://connect.informs.org/discussion/faculty-position-in-operations-information-technology-at-stanford-gsb-3,https://apply.interfolio.com/190728,INFORMS Connect - Available Positions,03/09/2026
Tenure-Track Faculty Position in Operations and Data Science at Católica-Lisbon School of Business and Economics,,Academia,Tenure-Track Faculty,,01/09/2026,,,,https://connect.informs.org/discussion/tenure-track-faculty-position-in-operations-and-data-science-at-catlica-lisbon-school-of-business-and-economics,https://connect.informs.org:443/discussion/tenure-track-faculty-positions-in-information-systems-and-data-science-at-catolica-lisbon?hlmlt=VT,INFORMS Connect - Available Positions,03/09/2026
Faculty Openings In Operations Management at Chicago Booth,,Academia,Other,,31/08/2026,,,,https://connect.informs.org/discussion/faculty-openings-in-operations-management-at-chicago-booth-1,https://apply.interfolio.com/191650,INFORMS Connect - Available Positions,31/08/2026
"MSU Postdoctoral Scholar Position in Logistics, Transportation, and Food Supply Chains",,Academia,Postdoctoral,,28/08/2026,,,,https://connect.informs.org/discussion/msu-postdoctoral-scholar-position-in-logistics-transportation-and-food-supply-chains-1,https://connect.informs.org:443/viewdocument/msu-postdoctoral-scholar-position-in-logistics-transportation-and-food-supply-chains?CommunityKey=1da3a01c-2272-4e45-b382-18c7640da1b7&tab=librarydocuments&hlmlt=VT,INFORMS Connect - Available Positions,29/08/2026
"Term (Teaching) Faculty Position in Business Analytics & AI at Kogod School of Business, American University in DC",American University,Academia,Other,,28/08/2026,,,,https://connect.informs.org/discussion/term-teaching-faculty-position-in-business-analytics-ai-at-kogod-school-of-business-american-university-in-dc,https://american.wd1.myworkdayjobs.com/AU/job/Main-Campus-Washington-DC/Professorial-Lecturer_R4814,INFORMS Connect - Available Positions,29/08/2026
"Open Rank Tenure/Tenure-Track Faculty Position at Carlos Alvarez College of Business, Department of Operations & Analytics",College of Business,Academia,Open Rank Faculty,,28/08/2026,,,,https://connect.informs.org/discussion/open-rank-tenuretenure-track-faculty-position-at-carlos-alvarez-college-of-business-department-of-operations-analytics-1,https://connect.informs.org:443/communities/community-home/digestviewer/viewthread?GroupId=631&MID=4496&CommunityKey=1da3a01c-2272-4e45-b382-18c7640da1b7&hlmlt=VT,INFORMS Connect - Available Positions,29/08/2026
Tenure Track Faculty Position Computer Information Systems Department College of Business Administration,"Cal Poly Pomona Pomona, California",Academia,Tenure-Track Faculty,Cal Poly Pomona,27/08/2026,,"$132,000 - $136,008 Per Year",Full Time,https://careercenter.informs.org/job/tenure-track-faculty-position-computer-information-systems-department-college-of-business-administration-pomona-california-5455,https://careercenter.informs.org/job/tenure-track-faculty-position-computer-information-systems-department-college-of-business-administration-pomona-california-5455,INFORMS Career Center,29/08/2026
Assistant Professor Tenure Track Positions in Statistics and Data Science,"Mohamed bin Zayed University of Artificial Intelligence Abu Dhabi, Abu Dhabi, United Arab Emirates",Academia,Assistant Professor,Mohamed bin Zayed University of Artificial Intelligence,27/08/2026,,,,https://careercenter.informs.org/job/assistant-professor-tenure-track-positions-in-statistics-and-data-science-abu-dhabi-abu-dhabi-5495,https://careercenter.informs.org/job/assistant-professor-tenure-track-positions-in-statistics-and-data-science-abu-dhabi-abu-dhabi-5495,INFORMS Career Center,03/09/2026
Associate/Full Professor Tenured Positions in Statistics and Data Science,"Mohamed bin Zayed University of Artificial Intelligence Abu Dhabi, Abu Dhabi, United Arab Emirates",Academia,Full Professor,Mohamed bin Zayed University of Artificial Intelligence,27/08/2026,,,,https://careercenter.informs.org/job/associate-full-professor-tenured-positions-in-statistics-and-data-science-abu-dhabi-abu-dhabi-5496,https://careercenter.informs.org/job/associate-full-professor-tenured-positions-in-statistics-and-data-science-abu-dhabi-abu-dhabi-5496,INFORMS Career Center,03/09/2026
Tenured/Tenure-track Faculty Members for Engineering Systems And Design (ESD) Pillar,"Singapore University of Technology and Design Singapore, Singapore",Academia,Tenure-Track Faculty,Singapore University of Technology and Design,27/08/2026,,,,https://careercenter.informs.org/job/tenured-tenure-track-faculty-members-for-engineering-systems-and-design-esd-pillar-singapore-5469,https://careercenter.informs.org/job/tenured-tenure-track-faculty-members-for-engineering-systems-and-design-esd-pillar-singapore-5469,INFORMS Career Center,29/08/2026
"Professor of Data Science Methods in Information Systems (tenured, salary level W2)",,Academia,Other,,26/08/2026,,,,https://connect.informs.org/discussion/faculty-opening-full-professor-of-data-science-methods-in-information-systems-mnster-germany-1,https://connect.informs.org/discussion/faculty-opening-full-professor-of-data-science-methods-in-information-systems-mnster-germany-1,INFORMS Connect - Available Positions,29/08/2026
"Glorious Sun School of Economics and Management, Donghua University(Shanghai) Faculty Recruitment","Donghua University Shanghai, Shanghai, China",Academia,Academic,Donghua University,26/08/2026,,,Full-Time,https://careercenter.informs.org/job/glorious-sun-school-of-economics-and-management-donghua-university-shanghai-faculty-recruitment-shanghai-shanghai-5393,https://careercenter.informs.org/job/glorious-sun-school-of-economics-and-management-donghua-university-shanghai-faculty-recruitment-shanghai-shanghai-5393,INFORMS Career Center,13/08/2026
"All-Rank Faculty Position in Supply Chain and Operations Management, Hong Kong Polytechnic University",Hong Kong Polytechnic University,Academia,Other,,26/08/2026,,,,https://connect.informs.org/discussion/all-rank-faculty-position-in-supply-chain-and-operations-management-hong-kong-polytechnic-university,https://www.polyu.edu.hk/hro/docdrive/careers/doc/Prof.pdf,INFORMS Connect - Available Positions,29/08/2026
"Full-Time Faculty Position in Business Analytics & Information Systems, Sabanci Business School, Sabanci University","Sabancı Business School Istanbul, Istanbul, Turkey",Academia,Academic,Sabancı Business School,26/08/2026,,,Full Time,https://careercenter.informs.org/job/full-time-faculty-position-in-business-analytics-information-systems-sabanci-business-school-sabanci-university-istanbul-istanbul-5505,https://careercenter.informs.org/job/full-time-faculty-position-in-business-analytics-information-systems-sabanci-business-school-sabanci-university-istanbul-istanbul-5505,INFORMS Career Center,15/09/2026
Associate or Full Tenured Professor of Information Technology and Operations Management #49928,"Southern Methodist University Dallas, Texas",Academia,Academic,Southern Methodist University,26/08/2026,,,Full Time,https://careercenter.informs.org/job/associate-or-full-tenured-professor-of-information-technology-and-operations-management-49928-dallas-texas-5488,https://careercenter.informs.org/job/associate-or-full-tenured-professor-of-information-technology-and-operations-management-49928-dallas-texas-5488,INFORMS Career Center,03/09/2026
"Lecturer Positions - Information Systems and Operations Management Department, University of Florida",University of Florida,Academia,Lecturer,,26/08/2026,,,,https://connect.informs.org/discussion/lecturer-positions-information-systems-and-operations-management-department-university-of-florida-1,https://explore.jobs.ufl.edu/en-us/job/541095/lecturer,INFORMS Connect - Available Positions,29/08/2026
Tenured/Tenure-Track Faculty Position(s) in Business Analytics,"University of Iowa Iowa City, Iowa",Academia,Tenure-Track Faculty,University of Iowa,26/08/2026,,,Full Time,https://careercenter.informs.org/job/tenured-tenure-track-faculty-position-s-in-business-analytics-iowa-city-iowa-5465,https://careercenter.informs.org/job/tenured-tenure-track-faculty-position-s-in-business-analytics-iowa-city-iowa-5465,INFORMS Career Center,29/08/2026
Associate or Full Professor of Technology & Operations,"University of Michigan, Ross School of Business",Academia,Full Professor,"University of Michigan, Ross School of Business",26/08/2026,,,,https://careercenter.informs.org/job/associate-or-full-professor-of-technology-operations-ann-arbor-michigan-5424,https://careercenter.informs.org/job/associate-or-full-professor-of-technology-operations-ann-arbor-michigan-5424,INFORMS Career Center,13/08/2026
"Clinical Faculty Positions, Kelley School of Business, Operations and Decision Technologies","Kelley School of Business-Indiana University Bloomington, Indiana",Academia,Academic,Kelley School of Business-Indiana University,25/08/2026,,,,https://careercenter.informs.org/job/clinical-faculty-positions-kelley-school-of-business-operations-and-decision-technologies-bloomington-indiana-5471,https://careercenter.informs.org/job/clinical-faculty-positions-kelley-school-of-business-operations-and-decision-technologies-bloomington-indiana-5471,INFORMS Career Center,29/08/2026
"Faculty Positions in Operations, Information and Technology",Stanford University,Academia,Academic,Stanford Graduate School of Business,25/08/2026,,,,https://careercenter.informs.org/job/faculty-positions-in-operations-information-and-technology-stanford-california-5458,https://careercenter.informs.org/job/faculty-positions-in-operations-information-and-technology-stanford-california-5458,INFORMS Career Center,29/08/2026
Professor / Associate Professor / Assistant Professor (Operations Management),"The Chinese University of Hong Kong Hong Kong, China",Academia,Assistant Professor,The Chinese University of Hong Kong,25/08/2026,,,,https://careercenter.informs.org/job/professor-associate-professor-assistant-professor-operations-management-hong-kong-5454,https://careercenter.informs.org/job/professor-associate-professor-assistant-professor-operations-management-hong-kong-5454,INFORMS Career Center,29/08/2026
Faculty Position in Operations Research for Future Energy Systems,,Academia,Other,,24/08/2026,,,,https://connect.informs.org/discussion/faculty-position-in-operations-research-for-future-energy-systems-1,https://www.ing.uc.cl/trabaja-con-nosotros/areas-to-apply-2/,INFORMS Connect - Available Positions,29/08/2026
"Open-Rank TT Position in Statistics, Data Science, and Computation - NPS",,Academia,Open Rank Faculty,,24/08/2026,,,,https://connect.informs.org/discussion/open-rank-tt-position-in-statistics-data-science-and-computation-nps,https://connect.informs.org:443/communities/community-home/digestviewer/viewthread?GroupId=631&MessageKey=88b9482f-0a5f-4fea-b994-5ff45b42b50b&CommunityKey=1da3a01c-2272-4e45-b382-18c7640da1b7&hlmlt=VT,INFORMS Connect - Available Positions,29/08/2026
Professor of the Practice Position in Operations Research - NPS,,Academia,Other,,24/08/2026,,,,https://connect.informs.org/discussion/professor-of-the-practice-position-in-operations-research-nps,https://connect.informs.org:443/communities/community-home/digestviewer/viewthread?GroupId=631&MessageKey=88b9482f-0a5f-4fea-b994-5ff45b42b50b&CommunityKey=1da3a01c-2272-4e45-b382-18c7640da1b7&hlmlt=VT,INFORMS Connect - Available Positions,29/08/2026
"Teaching Faculty Positions at the Wisconsin School of Business, Operations & Information Management Dept.",,Academia,Other,,24/08/2026,,,,https://connect.informs.org/discussion/teaching-faculty-positions-at-the-wisconsin-school-of-business-operations-information-management-dept-1,https://jobs.wisc.edu/jobs/lecturer-madison-wisconsin-united-states-b28963cf-9aa1-479c-a74c-35da4001e791,INFORMS Connect - Available Positions,29/08/2026
Assistant Professor of Operations Management,"University of Kansas School of Business Lawrence, Kansas",Academia,Assistant Professor,University of Kansas School of Business,24/08/2026,,,Full Time,https://careercenter.informs.org/job/assistant-professor-of-operations-management-lawrence-kansas-5453,https://careercenter.informs.org/job/assistant-professor-of-operations-management-lawrence-kansas-5453,INFORMS Career Center,13/08/2026
Open-Rank Position in OM at the UCL School of Management,,Academia,Open Rank Faculty,,21/08/2026,,,,https://connect.informs.org/discussion/open-rank-position-in-om-at-the-ucl-school-of-management-3,https://apply.interfolio.com/191749,INFORMS Connect - Available Positions,29/08/2026
Tenured/Tenure-track Faculty Positions in Operations Management at Singapore Management University,Singapore Management University,Academia,Tenure-Track Faculty,,20/08/2026,,,,https://connect.informs.org/discussion/tenuredtenure-track-faculty-positions-in-operations-management-at-singapore-management-university,https://smucareers.taleo.net/careersection/smu_ext_ft/jobdetail.ftl?job=2600007L&tz=GMT%2B08%3A00&tzname=Asia%2FSingapore,INFORMS Connect - Available Positions,29/08/2026
"Assistant Professor Positions in Operations Management - School of Management and Economics, The Chinese University of Hong Kong, Shenzhen","The Chinese University of Hong Kong, Shenzhen Shenzhen, Guangdong, China",Academia,Assistant Professor,"The Chinese University of Hong Kong, Shenzhen",20/08/2026,,,,https://careercenter.informs.org/job/assistant-professor-positions-in-operations-management-school-of-management-and-economics-the-chinese-university-of-hong-kong-shenzhen-shenzhen-guangdong-5468,https://careercenter.informs.org/job/assistant-professor-positions-in-operations-management-school-of-management-and-economics-the-chinese-university-of-hong-kong-shenzhen-shenzhen-guangdong-5468,INFORMS Career Center,29/08/2026
Associate/Assistant Professor in Business Intelligence and Analytics (Information Systems),"University of Macau, Faculty of Business Administration Macau SAR, China",Academia,Assistant Professor,"University of Macau, Faculty of Business Administration",20/08/2026,,,,https://careercenter.informs.org/job/associate-assistant-professor-in-business-intelligence-and-analytics-information-systems-macau-sar-5491,https://careercenter.informs.org/job/associate-assistant-professor-in-business-intelligence-and-analytics-information-systems-macau-sar-5491,INFORMS Career Center,03/09/2026
SINGAPORE MANAGEMENT UNIVERSITY - TENURED/TENURE-TRACK FACULTY POSITIONS IN OPERATIONS MANAGEMENT,"Singapore Management University (SMU) Singapore, Singapore",Academia,Tenure-Track Faculty,Singapore Management University (SMU),19/08/2026,,,Full Time,https://careercenter.informs.org/job/singapore-management-university-tenured-tenure-track-faculty-positions-in-operations-management-singapore-5485,https://careercenter.informs.org/job/singapore-management-university-tenured-tenure-track-faculty-positions-in-operations-management-singapore-5485,INFORMS Career Center,03/09/2026
Professor/Associate Professor/Assistant Professor in Information Systems – The School of Management and Economics,"The Chinese University of Hong Kong, Shenzhen Shenzhen, Guangdong, China",Academia,Assistant Professor,"The Chinese University of Hong Kong, Shenzhen",19/08/2026,,,,https://careercenter.informs.org/job/professor-associate-professor-assistant-professor-in-information-systems-the-school-of-management-and-economics-shenzhen-guangdong-5473,https://careercenter.informs.org/job/professor-associate-professor-assistant-professor-in-information-systems-the-school-of-management-and-economics-shenzhen-guangdong-5473,INFORMS Career Center,29/08/2026
Professor/Associate Professor/Assistant Professor in Statistics in HKU Business School and the School of Computing and Data Science,The University of Hong Kong,Academia,Assistant Professor,The University of Hong Kong,19/08/2026,,,,https://careercenter.informs.org/job/professor-associate-professor-assistant-professor-in-statistics-in-hku-business-school-and-the-school-of-computing-and-data-science-hong-kong-5507,https://careercenter.informs.org/job/professor-associate-professor-assistant-professor-in-statistics-in-hku-business-school-and-the-school-of-computing-and-data-science-hong-kong-5507,INFORMS Career Center,13/08/2026
"Darden - Open Rank, Technology & Operations Management Faculty",,Academia,Open Rank Faculty,,18/08/2026,,,,https://connect.informs.org/discussion/darden-open-rank-technology-operations-management-faculty-3,https://nam10.safelinks.protection.outlook.com/?url=https%3A%2F%2Fapply.interfolio.com%2F173754&data=05%7C02%7Cparkerc%40darden.virginia.edu%7Cda8360d0e77644e5a8f208defc9e53be%7Cf913d821b468447ba84a8e886705359a%7C0%7C0%7C639225954267235897%7CUnknown%7CTWFpbGZsb3d8eyJFbXB0eU1hcGkiOnRydWUsIlYiOiIwLjAuMDAwMCIsIlAiOiJXaW4zMiIsIkFOIjoiTWFpbCIsIldUIjoyfQ%3D%3D%7C0%7C%7C%7C&sdata=JZ%2FdSXa%2BK0%2BL2zm6XsZ2gIc2yv0P0sEiFE4EVgo1wOc%3D&reserved=0,INFORMS Connect - Available Positions,29/08/2026
Assistant Professor in Operations Management,Northwestern University,Academia,Assistant Professor,Northwestern University,18/08/2026,,,Full Time,https://careercenter.informs.org/job/assistant-professor-in-operations-management-evanston-illinois-5481,https://careercenter.informs.org/job/assistant-professor-in-operations-management-evanston-illinois-5481,INFORMS Career Center,31/08/2026
"Data Analytics and Decision Science Faculty, Open Rank (TT/T)",University of Virginia,Academia,Open Rank Faculty,University of Virginia Darden School of Business,18/08/2026,,,,https://careercenter.informs.org/job/data-analytics-and-decision-science-faculty-open-rank-tt-t-charlottesville-virginia-5457,https://careercenter.informs.org/job/data-analytics-and-decision-science-faculty-open-rank-tt-t-charlottesville-virginia-5457,INFORMS Career Center,29/08/2026
Assistant Professor Position in Data Science and Decision Intelligence at Clemson University,Clemson University,Academia,Assistant Professor,,17/08/2026,,,,https://connect.informs.org/discussion/assistant-professor-position-in-data-science-and-decision-intelligence-at-clemson-university,https://apply.interfolio.com/185276,INFORMS Connect - Available Positions,29/08/2026
"Faculty Position: CUHK Business School, the Chinese University of Hong Kong",University of Hong Kong,Academia,Other,,17/08/2026,,,,https://connect.informs.org/discussion/faculty-position-cuhk-business-school-the-chinese-university-of-hong-kong,https://cuhk.taleo.net/careersection/cu_career_teach/jobsearch.ftl?lang=en&portal=10115020119&lang=en,INFORMS Connect - Available Positions,29/08/2026
Tenure-track Faculty Positions in Operations Management,Hong Kong University of Science and Technology,Academia,Tenure-Track Faculty,The Hong Kong University of Science and Technology,13/08/2026,,,,https://careercenter.informs.org/job/tenure-track-faculty-positions-in-operations-management-hong-kong-5528,https://careercenter.informs.org/job/tenure-track-faculty-positions-in-operations-management-hong-kong-5528,INFORMS Career Center,26/09/2026
Tenure Track Position in Operations Management at the Kelley School of Business at Indiana University Bloomington,Kelley School of Business at Indiana University,Academia,Tenure-Track Faculty,,11/08/2026,,,,https://connect.informs.org/discussion/tenure-track-position-in-operations-management-at-the-kelley-school-of-business-at-indiana-university-bloomington,https://connect.informs.org:443/viewdocument/tenure-track-position-in-operations-management-at-the-kelley-school-of-business-at-indiana-university-bloomington?CommunityKey=1da3a01c-2272-4e45-b382-18c7640da1b7&tab=librarydocuments&hlmlt=VT,INFORMS Connect - Available Positions,13/08/2026
IEMS Northwestern faculty positions,Northwestern University,Academia,Other,,11/08/2026,,,,https://connect.informs.org/discussion/iems-northwestern-faculty-positions,https://www.mccormick.northwestern.edu/industrial/career/.,INFORMS Connect - Available Positions,13/08/2026
Assistant Professor in Optimization,,Academia,Assistant Professor,,10/08/2026,,,,https://connect.informs.org/discussion/assistant-professor-in-optimization-1,https://connect.informs.org:443/discussion/postdoc-positions-with-kth-royal-institute-in-sweden-and-astrazenca-in-stockholm-sweden-1?hlmlt=VT,INFORMS Connect - Available Positions,13/08/2026
Faculty Position: Tech & Operations-Cognitive Manufacturing at Ross School of Business at the University of Michigan,"University of Michigan, Ross School of Business",Academia,Other,,05/08/2026,,,,https://connect.informs.org/discussion/faculty-position-tech-operations-cognitive-manufacturing-at-ross-school-of-business-at-the-university-of-michigan,https://apply.interfolio.com/189178,INFORMS Connect - Available Positions,13/08/2026
Assistant Professor in Management Science & Information Systems - Oklahoma State University,Assistant Professor in Management Science & Information Systems - Oklahoma State University,Academia,Assistant Professor,,04/08/2026,,,,https://connect.informs.org/discussion/assistant-professor-in-management-science-information-systems-oklahoma-state-university-1,https://jobs.okstate.edu/jobs/assistant-professor-management-science-information-systems-210018-stillwater-oklahoma-united-states,INFORMS Connect - Available Positions,13/08/2026
"Assistant Professor of Information Systems in California State University, Long Beach","California State University, Long Beach",Academia,Assistant Professor,,04/08/2026,,,,https://connect.informs.org/discussion/assistant-professor-of-information-systems-in-california-state-university-long-beach-1,https://connect.informs.org/discussion/assistant-professor-of-information-systems-in-california-state-university-long-beach-1,INFORMS Connect - Available Positions,13/08/2026
Assistant/Associate Professor equivalent position in Artificial Intelligence and Business Analytics at University of Bristol Business School UK,University of Bristol Business School UK,Academia,Associate Professor,,04/08/2026,,,,https://connect.informs.org/discussion/assistantassociate-professor-equivalent-position-in-artificial-intelligence-and-business-analytics-at-university-of-bristol-business-school-uk-1,https://connect.informs.org/discussion/assistantassociate-professor-equivalent-position-in-artificial-intelligence-and-business-analytics-at-university-of-bristol-business-school-uk-1,INFORMS Connect - Available Positions,13/08/2026
Faculty Position: Technology & Operations-Semiconductor Manufacturing at Ross School of Business at the University of Michigan,"University of Michigan, Ross School of Business",Academia,Other,,03/08/2026,,,,https://connect.informs.org/discussion/faculty-position-technology-operations-semiconductor-manufacturing-at-ross-school-of-business-at-the-university-of-michigan,https://apply.interfolio.com/188537,INFORMS Connect - Available Positions,13/08/2026
"Tenure-Track Position in Analytics & Operations at NUS Business School, National University of Singapore",National University of Singapore,Academia,Tenure-Track Faculty,,31/07/2026,,,,https://connect.informs.org/discussion/tenure-track-position-in-analytics-operations-at-nus-business-school-national-university-of-singapore-1,https://connect.informs.org:443/discussion/tenure-track-position-in-analytics-operations-at-nus-business-school-national-university-of-singapore?hlmlt=VT,INFORMS Connect - Available Positions,13/08/2026
"Faculty Positions in Industrial and Management Engineering at Pohang University of Science and Technology (POSTECH), Korea",Pohang University,Academia,Other,,29/07/2026,,,,https://connect.informs.org/discussion/faculty-positions-in-industrial-and-management-engineering-at-pohang-university-of-science-and-technology-postech-korea-8,https://facultyapplication.postech.ac.kr/eng/,INFORMS Connect - Available Positions,13/08/2026
Position Summary,McGill University,Academia,Assistant Professor,,28/07/2026,,,,https://connect.informs.org/discussion/tenure-track-position-in-operations-management-desautels-faculty-of-management-mcgill-university-1,https://www.mcgill.ca/hr/files/hr/apply_at_mcgill_university_-_guide_for_external_candidates_en.pdf,INFORMS Connect - Available Positions,13/08/2026
Postdoctoral Fellowship in Health Policy Modeling at Mass General/Harvard,Harvard University,Academia,Postdoctoral,,26/07/2026,,,,https://connect.informs.org/discussion/postdoctoral-fellowship-in-health-policy-modeling-at-mass-generalharvard-2,https://connect.informs.org/discussion/postdoctoral-fellowship-in-health-policy-modeling-at-mass-generalharvard-2,INFORMS Connect - Available Positions,13/08/2026
Assistant or Associate Professor – Business (Operations),"California State University Channel Islands Camarillo, California",Academia,Associate Professor,California State University Channel Islands,23/07/2026,,,,https://careercenter.informs.org/job/assistant-or-associate-professor-business-operations-camarillo-california-5512,https://careercenter.informs.org/job/assistant-or-associate-professor-business-operations-camarillo-california-5512,INFORMS Career Center,15/09/2026
Tenure-Track Assistant Professor and Postdoctoral Fellow Positions in AI + Economics/Management at Beijing Zhongguancun Academy,,Academia,Postdoctoral,,17/07/2026,,,,https://connect.informs.org/discussion/tenure-track-assistant-professor-and-postdoctoral-fellow-positions-in-ai-economicsmanagement-at-beijing-zhongguancun-academy-1,https://connect.informs.org:443/discussion/gatech-scheller-itm-postdoc-position-for-the-economics-of-ai?hlmlt=VT,INFORMS Connect - Available Positions,13/08/2026
Management of Information Systems Professor (open rank) at NovaSBE,"Nova School of Business and Economics Carcavelos, Lisbon, Portugal",Academia,Open Rank Faculty,Nova School of Business and Economics,16/07/2026,,,,https://careercenter.informs.org/job/management-of-information-systems-professor-open-rank-at-novasbe-carcavelos-lisbon-5500,https://careercenter.informs.org/job/management-of-information-systems-professor-open-rank-at-novasbe-carcavelos-lisbon-5500,INFORMS Career Center,09/07/2026
Job Opening: Lecturer/Senior Lecturer/Master Lecturer Positions at Univeristy of Florida ISE,,Academia,Lecturer,,14/07/2026,,,,https://connect.informs.org/discussion/job-opening-lecturersenior-lecturermaster-lecturer-positions-at-univeristy-of-florida-ise-1,https://explore.jobs.ufl.edu/en-us/job/540100/lecturersenior-lecturermaster-lecturer,INFORMS Connect - Available Positions,13/08/2026
Tenure-Track and Educator Track Positions in Information Systems and Analytics,National University of Singapore,Academia,Tenure-Track Faculty,National University of Singapore,14/07/2026,,,Full Time,https://careercenter.informs.org/job/tenure-track-and-educator-track-positions-in-information-systems-and-analytics-singapore-4912,https://careercenter.informs.org/job/tenure-track-and-educator-track-positions-in-information-systems-and-analytics-singapore-4912,INFORMS Career Center,29/08/2026
"Faculty Position: Technology and Operations, University of Michigan, Ross School of Business","University of Michigan, Ross School of Business",Academia,Other,,10/07/2026,,,,https://connect.informs.org/discussion/faculty-position-technology-and-operations-university-of-michigan-ross-school-of-business-3,https://apply.interfolio.com/188537,INFORMS Connect - Available Positions,13/08/2026
Faculty position at the Kellogg School of Management,,Academia,Other,,,,,,https://connect.informs.org/discussion/faculty-position-at-the-kellogg-school-of-management-9,https://facultyrecruiting.northwestern.edu/apply/MjYwNw==,INFORMS Connect - Available Positions,15/09/2026
"Assistant Professor at House of Innovation, Stockholm School of Economics",,Academia,Assistant Professor,,,,,,https://connect.informs.org/discussion/assistant-professor-at-house-of-innovation-stockholm-school-of-economics,https://connect.informs.org:443/discussion/tenure-track-position-assistant-professor-at-house-of-innovation-stockholm-school-of-economics?hlmlt=VT,INFORMS Connect - Available Positions,18/09/2026
"Tenure Track Position (Assistant Professor) at House of Innovation, Stockholm School of Economics",,Academia,Assistant Professor,,,,,,https://connect.informs.org/discussion/tenure-track-position-assistant-professor-at-house-of-innovation-stockholm-school-of-economics,https://connect.informs.org:443/discussion/postdoc-positions-with-kth-royal-institute-in-sweden-and-astrazenca-in-stockholm-sweden-1?hlmlt=VT,INFORMS Connect - Available Positions,18/09/2026
"Open-Rank Tenure-Track Faculty Position: IT, Analytics, and Operations with a focus on Data, AI, and Computing",,Academia,Open Rank Faculty,,,,,,https://connect.informs.org/discussion/open-rank-tenure-track-faculty-position-it-analytics-and-operations-with-a-focus-on-data-ai-and-computing-2,https://apply.interfolio.com/193341,INFORMS Connect - Available Positions,26/09/2026
Tenure-Track Assistant Professor of Teaching position at UC Riverside School of Business,,Academia,Assistant Professor,,,,,,https://connect.informs.org/discussion/tenure-track-assistant-professor-of-teaching-position-at-uc-riverside-school-of-business,https://aprecruit.ucr.edu/JPF02343/apply,INFORMS Connect - Available Positions,26/09/2026
Tenure-Track Faculty Position at London Business School,,Academia,Tenure-Track Faculty,,,,,,https://connect.informs.org/discussion/tenure-track-faculty-position-at-london-business-school-6,https://apply.interfolio.com/193665,INFORMS Connect - Available Positions,26/09/2026
Tenure-track faculty position in Decision Sciences at INSEAD,,Academia,Tenure-Track Faculty,,,,,,https://connect.informs.org/discussion/tenure-track-faculty-position-in-decision-sciences-at-insead,https://apply.interfolio.com/193805,INFORMS Connect - Available Positions,26/09/2026
open-rank tenure-track position at Auburn University ISE,Auburn University,Academia,Open Rank Faculty,,,,,,https://connect.informs.org/discussion/open-rank-tenure-track-position-at-auburn-university-ise-1,https://nam11.safelinks.protection.outlook.com/?url=https%3A%2F%2Fjobs.auburn.edu%2Fauburn-careers-home%2Fjobs%2F9907%3Flang%3Den-us&data=05%7C02%7Calexander.vinel%40auburn.edu%7Cb51aa83017aa408a1a9c08df1446d0da%7Cccb6deedbd294b388979d72780f62d3b%7C0%7C0%7C639251967777832831%7CUnknown%7CTWFpbGZsb3d8eyJFbXB0eU1hcGkiOnRydWUsIlYiOiIwLjAuMDAwMCIsIlAiOiJXaW4zMiIsIkFOIjoiTWFpbCIsIldUIjoyfQ%3D%3D%7C0%7C%7C%7C&sdata=BlHITqmoeita%2FSmO7unRBX0jD9n2%2BBWwgk0vqB4fHPw%3D&reserved=0,INFORMS Connect - Available Positions,26/09/2026
"Bucknell University - Tenure Track, Open Rank Position in Markets, Innovation & Design",Bucknell University,Academia,Open Rank Faculty,,,,,,https://connect.informs.org/discussion/bucknell-university-tenure-track-open-rank-position-in-markets-innovation-design,https://bucknell.wd1.myworkdayjobs.com/en-US/External/job/Tenure-Track--Open-Rank-Position-in-Markets--Innovation---Design_R0000002900,INFORMS Connect - Available Positions,04/10/2026
"Tenure-Track Positions at Antai College of Economics and Management, Shanghai Jiao Tong University",College of Economics and Management,Academia,Tenure-Track Faculty,,,,,,https://connect.informs.org/discussion/tenure-track-positions-at-antai-college-of-economics-and-management-shanghai-jiao-tong-university-1,https://connect.informs.org:443/discussion/tenure-track-positions-at-antai-college-of-economic-and-management-shanghai-jiao-tong-university-8?hlmlt=VT,INFORMS Connect - Available Positions,15/09/2026
Assistant or Associate Professor (Columbia Business School - DRO Division),Columbia University,Academia,Associate Professor,,,,,,https://connect.informs.org/discussion/assistant-or-associate-professor-columbia-business-school-dro-division,https://apply.interfolio.com/190695,INFORMS Connect - Available Positions,15/09/2026
Tenure-track faculty position in Decision Sciences at Duke University's Fuqua School of Business,Duke University,Academia,Tenure-Track Faculty,,,,,,https://connect.informs.org/discussion/tenure-track-faculty-position-in-decision-sciences-at-duke-universitys-fuqua-school-of-business-2,https://nam11.safelinks.protection.outlook.com/?url=https%3A%2F%2Facademicjobsonline.org%2Fajo%2Fjobs%2F32398&data=05%7C02%7Cjiaming.xu868%40duke.edu%7C0b7c261a1ba44fc4a87008df19e30c9e%7Ccb72c54e4a314d9eb14a1ea36dfac94c%7C0%7C0%7C639258135126454083%7CUnknown%7CTWFpbGZsb3d8eyJFbXB0eU1hcGkiOnRydWUsIlYiOiIwLjAuMDAwMCIsIlAiOiJXaW4zMiIsIkFOIjoiTWFpbCIsIldUIjoyfQ%3D%3D%7C0%7C%7C%7C&sdata=yAN3w1vTvqUVL9lylpKbOgxYiGi6Lb8ENR8HhRvEsds%3D&reserved=0,INFORMS Connect - Available Positions,04/10/2026
"Assistant Professor in Operations and Analytics, McDonough School of Business, Georgetown University",Georgetown University,Academia,Assistant Professor,,,,,,https://connect.informs.org/discussion/assistant-professor-in-operations-and-analytics-mcdonough-school-of-business-georgetown-university-1,https://apply.interfolio.com/193493,INFORMS Connect - Available Positions,15/09/2026
Georgia Tech ISyE Faculty Positions,Georgia Institute of Technology,Academia,Other,,,,,,https://connect.informs.org/discussion/georgia-tech-isye-faculty-positions,https://nam12.safelinks.protection.outlook.com/?url=https%3A%2F%2Fwww.isye.gatech.edu%2Fisye-employment-opportunities%3Fposition%3D8205&data=05%7C02%7Cyu.ding%40isye.gatech.edu%7C1e9ed16e62254c7e3cb208df18e51914%7C482198bbae7b4b258b7a6d7f32faa083%7C1%7C0%7C639257044965386006%7CUnknown%7CTWFpbGZsb3d8eyJFbXB0eU1hcGkiOnRydWUsIlYiOiIwLjAuMDAwMCIsIlAiOiJXaW4zMiIsIkFOIjoiTWFpbCIsIldUIjoyfQ%3D%3D%7C0%7C%7C%7C&sdata=wyX4ikx8r9V89Gm%2BTzvSNlfduJxaCy3dLATlx3%2BFYp4%3D&reserved=0,INFORMS Connect - Available Positions,26/09/2026
Tenure-track Faculty Positions in Operations Management at HKUST,Hong Kong University of Science and Technology,Academia,Tenure-Track Faculty,,,,,,https://connect.informs.org/discussion/tenure-track-faculty-positions-in-operations-management-at-hkust-1,https://apply.interfolio.com/192663,INFORMS Connect - Available Positions,15/09/2026
Faculty Position in Operations Management at MIT,Massachusetts Institute of Technology,Academia,Other,,,,,,https://connect.informs.org/discussion/faculty-position-in-operations-management-at-mit,https://connect.informs.org/discussion/faculty-position-in-operations-management-at-mit,INFORMS Connect - Available Positions,15/09/2026
Tenure-Track/Tenured Positions in Artificial Intelligence at the National University of Singapore,National University of Singapore,Academia,Tenure-Track Faculty,,,,,,https://connect.informs.org/discussion/tenure-tracktenured-positions-in-artificial-intelligence-at-the-national-university-of-singapore-2,https://connect.informs.org:443/viewdocument/tenure-track-tenured-positions-in-artificial-intelligence-at-the-national-university-of-singapore?CommunityKey=1da3a01c-2272-4e45-b382-18c7640da1b7&tab=librarydocuments&hlmlt=VT,INFORMS Connect - Available Positions,26/09/2026
Postdoctoral Fellowship in Operations Management at NYU Shanghai,New York University,Academia,Postdoctoral,,,,,,https://connect.informs.org/discussion/postdoctoral-fellowship-in-operations-management-at-nyu-shanghai-5,https://apply.interfolio.com/194765,INFORMS Connect - Available Positions,13/08/2026
"Assistant/Associate Professor of Operations and Supply Chain Management, Poole College of Management, NC State University",North Carolina State University,Academia,Associate Professor,,,,,,https://connect.informs.org/discussion/assistantassociate-professor-of-operations-and-supply-chain-management-poole-college-of-management-nc-state-university,https://connect.informs.org/discussion/assistantassociate-professor-of-operations-and-supply-chain-management-poole-college-of-management-nc-state-university,INFORMS Connect - Available Positions,26/09/2026
"Assistant Professor in Business Analytics, San Jose State University",San Jose State University,Academia,Assistant Professor,,,,,,https://connect.informs.org/discussion/assistant-professor-in-business-analytics-san-jose-state-university,https://jobs.sjsu.edu/sj/en-us/job/561936,INFORMS Connect - Available Positions,04/10/2026
Multiple TT Faculty Positions in IE/OR at University of Alabama,University of Alabama,Academia,Other,,,,,,https://connect.informs.org/discussion/multiple-tt-faculty-positions-in-ieor-at-university-of-alabama,https://careers.ua.edu/jobs/mechanical-engineering-assistant-professor-530028-tuscaloosa-alabama-united-states,INFORMS Connect - Available Positions,15/09/2026
Open faculty positions in AI at University of Alabama CS,University of Alabama CS,Academia,Other,,,,,,https://connect.informs.org/discussion/open-faculty-positions-in-ai-at-university-of-alabama-cs-1,https://connect.informs.org:443/discussion/multiple-tt-faculty-positions-in-ieor-at-university-of-alabama?hlmlt=VT,INFORMS Connect - Available Positions,15/09/2026
Faculty position in Transportation Operations at UBC Sauder School of Business,University of British Columbia,Academia,Other,,,,,,https://connect.informs.org/discussion/faculty-position-in-transportation-operations-at-ubc-sauder-school-of-business,https://connect.informs.org:443/viewdocument/faculty-position-in-transportation-operations-at-ubc-sauder-school-of-business?CommunityKey=1da3a01c-2272-4e45-b382-18c7640da1b7&tab=librarydocuments&hlmlt=VT,INFORMS Connect - Available Positions,15/09/2026
"Assistant Professor in Operations Management, University of Illinois Chicago (UIC) College of Business",University of Illinois Chicago,Academia,Assistant Professor,,,,,,https://connect.informs.org/discussion/assistant-professor-in-operations-management-university-of-illinois-chicago-uic-college-of-business-3,https://uic.csod.com/ux/ats/careersite/1/home/requisition/20480?c=uic,INFORMS Connect - Available Positions,26/09/2026
"Assistant/Associate Professor in Enterprise AI and Systems, University of Illinois Chicago College of Business",University of Illinois Chicago College of Business,Academia,Associate Professor,,,,,,https://connect.informs.org/discussion/assistantassociate-professor-in-enterprise-ai-and-systems-university-of-illinois-chicago-college-of-business-1,https://uic.csod.com/ux/ats/careersite/1/home/requisition/20479?c=uic,INFORMS Connect - Available Positions,26/09/2026
"Tenured/Tenure-Track Faculty Position in Business Analytics, University of Iowa",University of Iowa,Academia,Tenure-Track Faculty,,,,,,https://connect.informs.org/discussion/tenuredtenure-track-faculty-position-in-business-analytics-university-of-iowa,https://connect.informs.org:443/communities/community-home/digestviewer/viewthread?GroupId=631&MessageKey=351a7a37-40d8-4a9c-b245-1fe2f774bc8f&CommunityKey=1da3a01c-2272-4e45-b382-18c7640da1b7&hlmlt=VT,INFORMS Connect - Available Positions,18/09/2026
"Faculty Position at All Ranks in IOE, University of Michigan",University of Michigan,Academia,Other,,,,,,https://connect.informs.org/discussion/faculty-position-at-all-ranks-in-ioe-university-of-michigan-18,https://apply.interfolio.com/194357,INFORMS Connect - Available Positions,04/10/2026
Tenured or tenure-track positions at the University of Southern California,University of Southern California,Academia,Tenure-Track Faculty,,,,,,https://connect.informs.org/discussion/tenured-or-tenure-track-positions-at-the-university-of-southern-california,https://connect.informs.org:443/viewdocument/tenured-or-tenure-track-positions-at-the-university-of-southern-california?CommunityKey=1da3a01c-2272-4e45-b382-18c7640da1b7&tab=librarydocuments&hlmlt=VT,INFORMS Connect - Available Positions,26/09/2026
Open Rank Faculty Position in Operations Research at the University of Toronto,University of Toronto,Academia,Open Rank Faculty,,,,,,https://connect.informs.org/discussion/open-rank-faculty-position-in-operations-research-at-the-university-of-toronto-4,https://connect.informs.org:443/viewdocument/open-rank-faculty-position-in-operations-research-at-the-university-of-toronto?CommunityKey=1da3a01c-2272-4e45-b382-18c7640da1b7&tab=librarydocuments&hlmlt=VT,INFORMS Connect - Available Positions,04/10/2026
Open Rank Position in Healthcare Operations Research and Systems Engineering at the University of Toronto,University of Toronto,Academia,Open Rank Faculty,,,,,,https://connect.informs.org/discussion/open-rank-position-in-healthcare-operations-research-and-systems-engineering-at-the-university-of-toronto,https://connect.informs.org:443/viewdocument/open-rank-position-in-healthcare-operations-research-and-systems-engineering-at-the-university-of-toronto?CommunityKey=1da3a01c-2272-4e45-b382-18c7640da1b7&tab=librarydocuments&hlmlt=VT,INFORMS Connect - Available Positions,04/10/2026
Assistant Professor position in Operations Research at Virginia Tech ISE Department,Virginia Tech,Academia,Assistant Professor,,,,,,https://connect.informs.org/discussion/assistant-professor-position-in-operations-research-at-virginia-tech-ise-department-2,https://connect.informs.org:443/viewdocument/assistant-professor-position-in-operations-research-at-virginia-tech-ise-department-2?CommunityKey=1da3a01c-2272-4e45-b382-18c7640da1b7&tab=librarydocuments&hlmlt=VT,INFORMS Connect - Available Positions,26/09/2026
